x1,x2,x3,x4,x5,x6,strenght
97.61,-3.99,-22.98,-11.79,0.82,-3.06,9116552793.651417
57.39,-3.65,-32.88,-15.87,0.3,-2.68,1214073781.2766628
34.0,-2.26,-49.68,-15.87,0.39,-1.53,757796475.4521538
39.15,-5.86,-15.58,-18.4,0.61,-2.59,255216081.06177795
10.95,-2.42,-35.52,-11.13,0.82,-3.87,165187520.8544741
26.37,-0.6,-22.29,-13.15,0.96,-3.72,77459738.41762301
35.92,-5.34,-30.39,-10.9,0.64,-3.2,256921576.16198903
55.17,-8.79,-23.72,-14.26,0.38,-4.76,970213983.2655702
39.69,-5.79,-25.58,-19.34,0.82,-3.92,309650404.90340996
32.3,-7.02,-33.14,-12.5,0.32,-3.02,236807894.43340796
76.15,-0.59,-49.94,-19.51,0.28,-2.15,4009823028.8108406
60.79,-4.96,-24.72,-15.56,0.65,-4.1,1414632137.7647138
94.78,-8.47,-37.55,-18.02,0.56,-4.74,8300740537.428673
38.77,-2.14,-47.55,-19.51,0.84,-3.47,761354874.461319
31.97,-5.7,-19.9,-16.33,0.23,-1.42,130011184.05994299
66.74,-2.67,-23.32,-12.38,0.83,-3.43,2019752873.1125295
18.4,-8.71,-40.41,-13.61,0.99,-1.45,287930986.82728386
35.13,-5.67,-43.71,-12.33,0.67,-3.19,526330446.9415051
67.81,-3.55,-23.14,-10.52,0.53,-1.09,2148762320.5361595
41.47,-2.61,-41.7,-13.02,0.36,-3.83,606677121.9603541
50.95,-3.48,-40.73,-17.53,0.25,-3.72,966444991.0643882
23.76,-5.41,-22.04,-15.29,0.32,-1.52,63304716.96425001
19.72,-8.79,-12.17,-11.44,0.15,-2.96,20869977.307079
89.46,-6.94,-47.91,-13.48,0.64,-3.3,6953352107.141043
17.59,-3.62,-47.18,-10.74,0.08,-1.63,511773055.549445
63.56,-1.0,-49.42,-18.34,0.38,-3.18,2249908897.2024646
46.87,-5.75,-41.22,-14.51,0.54,-4.64,783731630.4861987
80.95,-2.32,-19.71,-13.84,0.03,-3.92,4317020046.393999
36.42,-3.76,-19.98,-18.64,0.05,-4.84,206585483.77702907
24.97,-5.41,-13.47,-18.84,0.32,-2.96,56324878.98833499
49.76,-4.36,-20.53,-15.82,0.98,-1.15,640744960.9193649
73.65,-6.55,-37.55,-11.65,0.02,-2.27,3154043469.1095176
44.95,-1.88,-16.35,-13.41,0.68,-2.62,420136513.1848231
83.16,-2.24,-45.32,-14.55,0.92,-4.59,5218189053.495109
17.82,-0.84,-18.85,-18.74,0.71,-3.37,36453915.324994
18.19,-3.4,-47.97,-12.08,0.73,-3.92,548731339.934639
60.87,-1.52,-39.45,-18.2,0.08,-3.85,1632999347.649098
82.11,-5.72,-21.94,-18.31,0.91,-2.27,4589696170.475773
38.39,-7.81,-34.49,-13.97,0.36,-1.05,369072545.85086006
58.48,-6.57,-14.77,-16.16,0.77,-2.44,1186687061.555335
47.76,-2.28,-38.3,-10.95,0.32,-1.46,741369237.2077329
71.04,-1.35,-40.19,-17.7,0.82,-4.9,2824860651.8605795
75.97,-6.58,-17.76,-11.84,0.24,-4.46,3351601807.4625645
89.52,-7.68,-29.43,-12.11,0.03,-4.72,6514535281.577213
81.77,-1.66,-23.67,-18.77,0.76,-4.1,4518892001.581814
94.57,-1.29,-34.86,-12.46,0.09,-4.77,8154172945.944415
68.71,-1.15,-12.79,-12.38,0.15,-4.08,2235397897.515347
11.93,-3.16,-12.3,-19.98,0.88,-1.56,20966804.582789004
94.84,-8.39,-29.5,-17.83,0.94,-1.76,8195353247.347595
17.6,-0.91,-48.52,-15.47,0.96,-4.86,577112086.7759142
59.59,-0.07,-41.14,-18.12,0.78,-2.89,1564514378.3467703
54.95,-1.44,-22.16,-18.13,0.82,-2.37,949351172.1795943
53.86,-3.4,-16.59,-11.33,0.45,-4.51,853428233.9160229
77.38,-6.42,-40.81,-19.29,0.5,-3.05,3891232653.2932334
47.16,-4.48,-32.23,-12.13,0.91,-1.52,609496992.2344149
12.03,-8.06,-15.13,-13.37,1.0,-2.18,12007426.215798998
13.81,-0.47,-48.04,-15.59,0.49,-3.09,549608962.7290199
72.47,-1.96,-39.67,-12.73,0.19,-2.93,3014801399.486619
40.56,-2.12,-48.25,-10.14,0.54,-2.15,819385975.9710288
34.43,-1.64,-38.64,-12.42,0.76,-4.84,370088918.4556051
41.49,-0.37,-31.96,-13.61,0.41,-4.71,407113559.34062004
38.49,-8.09,-13.48,-13.99,0.56,-1.35,230145683.34637502
77.86,-1.26,-30.1,-19.89,0.2,-3.17,3778002889.7861323
57.23,-3.17,-43.23,-17.75,0.79,-4.04,1440906535.7416089
25.24,-3.67,-29.71,-10.62,0.22,-1.7,122307917.21677
68.8,-3.94,-48.99,-11.1,1.0,-1.14,2827544393.584597
60.3,-1.24,-33.34,-19.39,0.03,-2.48,1465181371.7820337
45.33,-2.86,-25.67,-19.02,0.02,-3.43,482568774.2432901
18.21,-5.08,-43.15,-15.14,0.38,-4.28,369388736.761354
69.63,-8.71,-41.65,-14.07,0.09,-3.09,2670222194.799329
28.79,-5.33,-41.08,-12.78,0.87,-1.13,361831040.56601506
85.4,-8.01,-47.95,-16.21,0.46,-4.47,5874971141.801664
96.32,-6.43,-25.4,-12.48,0.45,-4.36,8665332800.668613
58.05,-2.22,-17.09,-19.69,0.95,-3.06,1161784211.4607878
81.82,-6.69,-15.85,-19.2,0.76,-4.11,4511834553.190896
38.15,-1.85,-35.08,-15.96,0.74,-2.3,374359791.05417794
75.38,-3.4,-24.95,-19.07,0.24,-3.12,3287051741.7603383
94.61,-1.61,-39.85,-12.06,0.09,-2.62,8273346468.896167
41.12,-8.02,-15.37,-12.09,0.51,-4.62,297545243.896175
93.09,-2.61,-42.92,-10.33,0.81,-4.78,7858584978.342743
90.6,-4.94,-37.13,-10.47,0.85,-2.12,6940363693.12886
60.7,-5.04,-36.41,-11.63,0.66,-4.29,1542306224.928914
92.7,-4.06,-48.94,-16.96,0.4,-3.46,7981948791.868447
90.69,-4.44,-13.81,-12.33,0.27,-3.12,6778382901.057699
24.4,-5.38,-10.58,-14.18,0.75,-1.04,41849723.264933
74.9,-2.62,-11.09,-15.8,0.16,-4.56,3158352034.6489334
67.66,-2.57,-43.07,-10.82,0.7,-2.69,2447794471.1665125
69.89,-7.34,-21.53,-18.79,0.14,-3.82,2429415176.6912565
81.55,-6.67,-28.02,-11.58,0.02,-1.95,4497465910.837873
95.71,-8.95,-24.85,-19.4,0.72,-3.44,8463496252.245484
87.43,-7.78,-12.63,-11.99,0.73,-1.54,5860511984.875861
91.08,-3.18,-48.1,-10.69,0.9,-4.91,7428794463.702693
81.32,-2.08,-14.78,-12.97,0.56,-4.56,4384064386.376403
35.09,-0.99,-22.05,-14.15,0.65,-3.43,180930491.18953708
63.98,-2.63,-41.87,-15.43,0.19,-1.82,1996451858.8896596
70.5,-1.55,-27.09,-12.58,0.64,-4.05,2530177073.4596977
72.32,-4.83,-10.36,-15.59,0.76,-4.94,2748038821.4178486
32.49,-0.68,-19.1,-14.07,0.72,-1.92,129858814.42783406
88.9,-4.76,-32.68,-12.56,0.93,-3.15,6373132418.80955
27.76,-4.27,-25.19,-14.55,0.02,-5.0,106850031.639279
77.28,-6.69,-42.98,-12.86,0.05,-2.82,3924234832.3922334
31.89,-1.88,-42.75,-10.11,0.12,-1.55,442769731.639879
81.9,-0.85,-15.35,-19.26,0.14,-4.32,4520624836.163044
64.96,-2.35,-17.34,-19.08,0.03,-1.01,1806188785.8477936
33.73,-4.66,-12.02,-19.7,0.41,-4.8,148344661.799354
67.01,-0.67,-34.15,-15.46,0.93,-4.29,2162351041.992204
94.32,-4.72,-34.91,-18.79,0.37,-1.76,8088666070.121133
99.67,-0.16,-44.62,-11.76,0.45,-3.08,10272164927.070797
20.67,-0.31,-49.2,-15.81,0.93,-2.82,618358481.0373641
47.87,-8.07,-34.73,-12.07,0.21,-1.72,680348198.8997847
12.48,-5.54,-41.73,-15.45,0.7,-4.86,317445298.013938
50.42,-2.43,-30.17,-10.22,0.81,-4.63,733435368.3596952
79.25,-0.41,-29.54,-10.92,0.87,-2.72,4024622326.452599
63.42,-2.82,-30.95,-10.93,0.71,-4.49,1715428024.4682796
84.69,-7.18,-11.46,-12.31,0.61,-2.73,5159377879.306416
68.98,-7.74,-38.59,-13.17,0.83,-2.86,2501122534.8892946
53.58,-7.85,-17.92,-11.35,0.43,-3.9,842012266.6743428
62.27,-7.69,-15.43,-12.96,0.29,-4.28,1519187179.6497004
95.76,-0.78,-29.36,-19.43,0.96,-4.73,8502256511.332007
85.92,-3.86,-18.73,-11.33,0.22,-1.88,5470334981.07973
38.55,-0.15,-18.23,-10.33,0.93,-1.59,233791180.7685129
34.16,-8.85,-29.82,-14.63,0.95,-1.99,225650157.06782287
43.39,-6.98,-23.44,-13.64,0.84,-1.24,392745275.176805
34.68,-5.27,-32.32,-14.7,0.64,-3.58,263134760.31230897
34.1,-6.93,-15.36,-10.36,0.79,-4.14,144435681.56151402
83.62,-0.02,-30.92,-18.48,0.64,-3.47,4995954822.707281
56.02,-0.84,-18.3,-13.55,0.25,-2.65,1000925905.4418021
28.68,-2.11,-49.3,-11.36,0.86,-1.19,666204317.582149
46.77,-2.58,-41.7,-14.03,0.63,-2.64,790977288.039879
72.07,-2.6,-41.79,-13.44,0.83,-2.51,3013735291.0541983
91.17,-5.21,-13.36,-11.34,0.45,-2.64,6922965536.817078
90.88,-4.29,-38.22,-11.17,0.62,-3.06,7047017557.402731
85.3,-0.26,-25.52,-19.11,0.1,-2.57,5352871499.246134
34.41,-6.89,-41.31,-14.45,0.67,-2.16,443129815.4853691
40.62,-8.38,-18.64,-15.28,0.89,-3.23,294377875.368285
31.09,-3.82,-24.94,-16.01,0.91,-2.33,141557924.648095
70.53,-5.96,-30.42,-10.98,0.02,-4.58,2570051427.4517655
21.3,-6.3,-40.97,-17.86,0.83,-3.17,319713273.420418
82.5,-1.52,-24.65,-13.13,0.17,-1.18,4676153153.753423
94.5,-5.01,-43.19,-14.62,0.67,-4.03,8342345065.404878
10.19,-3.35,-17.37,-11.59,0.55,-4.58,12839401.898393001
86.26,-0.82,-18.56,-12.21,0.45,-1.54,5552729017.988753
36.71,-7.1,-48.69,-13.13,0.8,-2.2,755731408.3366628
62.77,-8.17,-12.68,-13.52,0.36,-3.71,1565865084.7615707
36.46,-4.89,-30.23,-11.63,0.39,-2.67,265781856.11114
46.17,-1.7,-47.96,-14.85,0.15,-1.15,996173967.4089268
14.07,-1.88,-45.74,-15.25,0.42,-1.71,453741057.53063405
99.5,-8.02,-41.58,-12.33,0.94,-2.59,10123985632.887028
25.18,-4.23,-25.43,-15.49,0.19,-1.03,90522844.15913999
35.7,-0.45,-45.15,-10.29,0.1,-1.39,583638839.171631
98.75,-0.95,-27.93,-11.03,0.85,-2.09,9575290274.996258
52.49,-1.92,-12.57,-14.14,0.65,-3.94,767137549.1370388
28.86,-5.92,-17.08,-10.4,0.91,-1.65,80913735.71826896
13.3,-6.53,-17.74,-11.17,0.8,-2.35,15886926.120777996
35.2,-6.31,-33.42,-16.56,0.77,-4.11,291581517.9527541
26.14,-7.48,-39.16,-13.59,0.13,-2.04,291381846.6422899
70.47,-3.98,-39.82,-17.9,0.73,-4.31,2737761068.4425125
57.6,-2.69,-33.67,-15.95,0.22,-2.12,1241334564.2978232
81.21,-8.93,-20.82,-19.29,0.25,-1.47,4396619718.912363
56.37,-2.63,-44.34,-15.28,0.98,-1.98,1409607285.30453
49.54,-0.27,-11.12,-15.74,0.89,-3.0,610501690.79865
55.22,-4.39,-23.35,-15.48,0.36,-3.21,969821122.9943539
92.72,-1.75,-39.1,-16.78,0.79,-1.69,7640804547.90082
19.61,-7.21,-46.1,-12.11,0.32,-3.31,475268758.8840391
43.18,-2.84,-13.22,-18.28,0.35,-4.67,363620044.573549
70.47,-0.9,-19.88,-19.97,0.34,-3.57,2500195111.9854336
50.34,-1.19,-37.03,-12.0,0.16,-3.49,836329550.3418745
62.62,-5.5,-21.55,-11.06,0.48,-2.84,1566312670.7139728
79.61,-0.3,-24.3,-16.75,0.85,-4.6,4061857848.7647915
70.0,-3.14,-45.92,-18.41,0.16,-4.63,2868312122.314309
95.35,-3.53,-36.55,-16.38,0.7,-4.96,8462461718.978366
97.72,-8.66,-49.64,-10.25,0.5,-2.69,9750180898.510132
44.41,-8.98,-41.39,-11.38,0.18,-4.39,693088189.2631298
14.79,-2.81,-42.84,-13.9,0.56,-1.8,350821576.53923416
10.6,-4.76,-47.27,-15.43,0.26,-4.09,513718525.42819405
82.78,-4.98,-40.86,-15.2,1.0,-2.11,4992109572.199086
31.97,-6.72,-41.44,-17.24,0.67,-3.98,416245962.45232993
77.65,-8.41,-24.2,-17.79,0.97,-4.25,3692941359.512348
99.62,-7.52,-39.55,-13.56,0.3,-4.62,10117036555.103977
94.68,-2.72,-10.11,-17.42,0.34,-1.3,8051408319.084405
34.63,-1.56,-14.03,-12.69,0.04,-3.49,151203489.64061505
39.69,-5.24,-44.84,-13.39,0.99,-2.11,663180008.5309752
30.95,-8.9,-27.37,-11.52,0.33,-2.13,154218401.771223
22.24,-7.37,-24.42,-17.02,0.85,-3.78,71785531.70047401
83.47,-5.38,-23.29,-16.95,0.51,-4.31,4901541839.980124
29.74,-2.58,-38.26,-16.79,0.51,-1.18,306031108.7245299
65.62,-5.96,-33.21,-17.94,0.28,-4.63,1995736289.343125
14.61,-5.52,-40.85,-10.08,0.96,-3.35,288158217.77703404
38.95,-5.26,-43.71,-17.54,0.76,-4.35,613451272.0651141
32.24,-3.16,-33.04,-17.0,0.04,-1.56,240143054.05862403
16.02,-8.78,-23.81,-19.03,0.64,-2.63,55466682.89868999
79.85,-1.09,-36.23,-19.23,0.4,-3.46,4257931385.487867
68.12,-2.88,-35.18,-19.58,0.46,-3.25,2328861248.829201
60.55,-8.9,-34.13,-13.2,0.37,-3.08,1493806936.0252473
66.57,-4.63,-24.04,-17.3,0.04,-2.58,2012579225.8834736
82.98,-1.9,-13.83,-17.23,0.07,-3.74,4757071851.966079
57.8,-3.32,-37.34,-14.2,0.24,-2.35,1321016576.442288
59.18,-6.61,-22.0,-12.19,0.92,-1.9,1258463289.6426342
55.92,-8.59,-37.93,-10.43,0.96,-2.72,1195631757.424415
78.78,-1.33,-26.22,-10.97,0.59,-3.07,3903757507.187776
51.61,-8.37,-49.46,-17.38,0.39,-1.32,1331440845.233335
41.73,-5.34,-35.17,-15.22,0.58,-1.74,467643817.0898499
26.78,-1.8,-46.78,-15.02,0.87,-2.24,542488285.6287892
91.26,-8.11,-22.03,-18.86,0.4,-2.93,6988543872.755719
32.92,-5.59,-38.79,-11.27,0.88,-1.79,350551579.61721504
58.32,-5.08,-32.2,-16.9,0.75,-4.08,1279784299.5305972
58.62,-6.52,-24.28,-13.96,0.03,-2.31,1225970187.6672447
52.74,-2.22,-14.4,-16.58,0.33,-4.26,787510019.7557491
64.81,-3.05,-34.01,-18.62,0.3,-1.3,1917171593.6359835
95.18,-1.84,-20.03,-18.69,0.68,-2.65,8240154359.349893
33.93,-3.96,-49.61,-11.77,0.16,-3.84,747330541.0371748
49.46,-3.53,-15.85,-16.37,0.13,-4.81,614582793.8632842
76.84,-6.71,-46.38,-16.97,0.29,-3.26,3973281353.7110147
38.59,-1.3,-22.71,-11.04,0.69,-1.2,251436309.26751906
92.42,-0.19,-21.04,-16.92,0.13,-3.62,7325339143.442331
83.1,-6.62,-42.05,-10.95,0.33,-4.86,5096609182.673805
27.77,-4.46,-26.34,-14.72,0.91,-4.98,115234525.87745002
23.01,-2.06,-33.03,-11.9,0.17,-2.65,152027985.70859903
69.16,-7.25,-19.85,-14.04,0.12,-3.51,2315814115.5777783
21.09,-5.87,-20.77,-20.0,0.75,-2.27,56932052.730987996
19.52,-8.87,-30.08,-13.21,0.96,-1.46,103674380.55440998
22.59,-5.85,-24.79,-10.02,0.34,-2.76,67001532.75911899
71.84,-7.21,-32.81,-17.55,0.99,-1.59,2800870167.8033648
55.36,-2.89,-26.57,-18.14,0.97,-4.95,1004355592.3778551
64.15,-1.44,-49.35,-17.91,0.63,-2.92,2307096315.323268
86.78,-5.21,-21.99,-13.8,0.26,-1.45,5707700385.863314
34.08,-7.61,-37.01,-14.4,0.23,-3.55,333449121.49807894
58.4,-0.9,-46.1,-12.6,0.26,-1.12,1623567215.906976
74.93,-4.78,-37.32,-18.96,0.24,-4.15,3370214552.3301663
43.47,-6.94,-29.35,-14.16,0.6,-2.63,440967355.0273381
68.3,-1.07,-49.3,-17.12,0.22,-4.41,2785039133.9218917
40.64,-1.21,-18.14,-11.96,0.12,-2.77,286894676.798805
96.75,-3.86,-16.88,-11.88,0.03,-4.37,8780154382.811394
93.83,-7.55,-20.92,-17.18,0.37,-1.76,7794456188.963078
97.03,-8.64,-21.56,-19.28,0.3,-2.74,8918329958.95495
73.59,-8.13,-30.37,-19.78,0.59,-3.96,3046522364.310901
10.14,-1.32,-20.78,-14.12,0.36,-3.03,24982909.034
45.05,-1.88,-20.49,-16.89,0.36,-3.21,439903858.07891893
70.89,-1.51,-37.86,-18.14,0.04,-4.22,2748660450.161731
98.57,-5.76,-43.95,-14.06,0.68,-3.36,9834398490.351673
74.33,-7.37,-28.7,-12.33,0.94,-3.53,3133528606.4233985
51.05,-8.97,-15.07,-11.24,0.89,-3.75,692032648.0265237
71.55,-1.17,-30.51,-16.75,0.62,-4.36,2719769710.7265067
68.26,-4.26,-34.98,-19.04,0.58,-4.78,2342805011.448322
39.85,-5.86,-22.42,-15.47,0.25,-2.47,286932311.81774294
62.16,-8.57,-43.11,-17.1,0.46,-3.19,1861242065.3784335
48.77,-6.98,-46.5,-16.52,0.57,-4.1,1052091997.7024742
75.92,-4.51,-29.76,-16.51,0.78,-1.47,3416430053.19633
33.12,-3.8,-48.32,-11.46,0.65,-2.13,673771675.9036928
50.2,-6.59,-35.56,-17.35,0.98,-2.9,812335448.6386982
69.91,-3.36,-24.26,-18.42,0.74,-2.46,2440397335.981924
91.77,-0.15,-28.94,-15.05,0.32,-1.66,7170708773.033461
81.9,-6.9,-13.54,-15.5,0.53,-1.42,4518545735.024437
78.59,-8.15,-48.75,-11.03,0.55,-2.96,4397713989.433416
54.8,-1.42,-17.9,-19.17,0.98,-1.14,927686095.9805326
31.06,-0.74,-17.55,-12.94,0.16,-2.13,106345448.14262897
80.96,-4.16,-27.7,-14.7,0.77,-1.37,4367627965.428731
78.77,-0.85,-39.98,-10.08,0.1,-2.45,4110826494.2709785
93.82,-0.56,-30.62,-14.06,0.86,-3.54,7843389005.819516
77.27,-6.06,-17.4,-10.5,0.12,-4.58,3583437139.1523724
21.2,-6.35,-39.85,-16.14,0.49,-3.8,285515504.30096704
22.21,-4.66,-29.38,-17.08,0.83,-4.26,111008702.57097
36.66,-3.1,-16.36,-15.51,0.47,-2.82,195308371.9416339
61.11,-4.81,-27.27,-11.57,0.76,-3.07,1457261014.76398
56.48,-2.44,-19.11,-17.55,0.63,-3.41,1043326228.9400388
79.67,-2.22,-34.88,-14.88,0.24,-4.23,4188369431.1243253
66.26,-2.88,-42.94,-13.21,0.76,-2.86,2278233613.7877655
74.41,-1.98,-33.02,-12.82,0.47,-1.45,3192382775.4972486
40.33,-0.57,-30.43,-19.9,0.78,-2.36,369927515.92167896
64.0,-7.47,-11.69,-16.31,0.01,-4.72,1693724623.874524
59.42,-8.83,-41.35,-13.79,0.4,-2.61,1554968065.8130233
52.1,-5.56,-26.98,-16.3,0.69,-1.34,802571813.6917329
60.94,-5.82,-41.2,-11.8,0.73,-2.61,1678109501.1864128
67.51,-0.23,-47.48,-18.66,0.54,-1.34,2606358957.5192504
18.0,-6.69,-42.26,-17.58,0.52,-3.04,346472652.00910896
34.26,-1.68,-49.47,-14.52,0.33,-2.1,748918252.6321698
54.16,-3.4,-17.89,-18.58,0.12,-1.57,885890868.1623089
84.89,-2.08,-24.19,-16.84,0.0,-4.04,5240464627.915593
21.0,-4.49,-24.92,-11.67,0.5,-2.61,61920526.74701801
26.3,-4.79,-27.86,-11.7,0.76,-1.83,112697356.31237301
31.04,-5.4,-16.16,-12.2,0.7,-2.04,103746925.63299197
17.56,-5.93,-13.43,-11.06,0.67,-4.26,15260767.036615
84.45,-7.91,-43.3,-14.09,0.17,-3.88,5459440163.476467
94.07,-3.57,-10.6,-13.57,0.25,-2.07,7842123074.390823
94.67,-5.83,-20.6,-14.54,0.65,-2.36,8066944560.873624
37.53,-2.05,-28.79,-18.91,0.15,-3.83,283726639.14467305
52.7,-1.46,-20.94,-15.71,0.88,-4.91,798882105.8308691
16.42,-5.64,-26.11,-15.55,0.82,-2.91,62342139.921153985
53.95,-0.5,-48.99,-13.63,0.27,-1.88,1433712096.7326286
65.78,-2.16,-32.34,-13.63,0.76,-3.64,1989992492.8697648
99.21,-1.33,-27.61,-14.42,0.18,-3.29,9755088903.40641
60.88,-6.57,-13.23,-17.76,0.43,-2.82,1392557379.885255
73.54,-0.99,-47.54,-17.34,0.9,-4.12,3453743248.378549
67.31,-2.17,-13.61,-18.72,0.88,-1.1,2071050786.3873756
14.04,-6.11,-27.12,-17.56,0.25,-3.63,70750311.232354
79.85,-7.51,-10.44,-14.89,0.62,-1.97,4081825591.6281977
58.75,-0.2,-32.79,-14.98,0.27,-1.41,1315448390.7030632
48.3,-8.48,-15.22,-14.29,0.21,-2.2,559173775.548834
94.42,-1.3,-22.37,-18.01,0.39,-1.79,7987724021.189
42.08,-4.39,-11.8,-18.53,0.69,-2.02,329434727.7824389
82.19,-7.31,-39.88,-19.85,0.09,-4.44,4848843836.108564
41.15,-3.56,-21.84,-13.16,0.84,-4.42,315059694.433429
83.95,-7.57,-48.98,-14.0,0.15,-1.81,5564797681.601566
53.03,-5.62,-19.99,-16.16,0.01,-4.43,818376458.8612553
67.67,-1.78,-11.66,-10.98,0.4,-3.45,2102195161.5434287
26.49,-5.38,-44.51,-16.77,0.06,-2.08,457612419.1675749
26.02,-8.53,-11.66,-19.62,0.19,-2.3,64939186.408489995
12.01,-7.54,-22.72,-11.28,0.2,-4.9,32377454.170868997
58.9,-4.99,-32.22,-14.06,0.9,-4.24,1321922524.9368532
32.12,-3.89,-28.15,-16.43,0.99,-3.55,180092947.54400396
28.0,-4.56,-17.91,-16.31,0.38,-1.83,80752709.88531397
61.39,-1.37,-41.75,-14.14,0.14,-2.31,1734331618.493759
91.38,-0.64,-21.8,-18.87,0.21,-1.07,7010964368.720792
96.45,-5.84,-12.95,-13.63,0.11,-4.56,8671678625.190393
13.72,-8.4,-28.47,-12.96,0.01,-1.29,75484988.28659402
81.45,-4.46,-37.86,-16.13,0.51,-4.68,4624245975.565161
15.01,-7.18,-21.27,-18.65,0.67,-3.8,40179471.976964
23.36,-3.91,-19.22,-16.52,0.13,-2.8,52662074.70960998
96.11,-5.2,-33.67,-16.78,0.13,-4.43,8682725440.267881
96.82,-0.41,-35.65,-17.54,0.16,-4.35,8963776771.944351
97.79,-8.59,-10.5,-18.77,0.63,-1.69,9176065214.359648
56.43,-2.46,-28.4,-12.72,0.45,-3.8,1085422280.1569378
53.05,-0.98,-20.09,-11.93,0.46,-3.55,811910364.005959
63.8,-2.88,-40.63,-13.25,0.79,-1.73,1939399142.3837028
96.9,-7.4,-27.89,-13.32,0.8,-2.47,8896788946.974516
40.03,-8.62,-29.62,-15.53,0.89,-2.1,346118966.3419749
36.2,-5.22,-12.65,-13.66,0.34,-3.25,179743799.8544531
87.21,-6.23,-15.36,-14.19,0.33,-3.3,5804571135.655378
21.12,-6.33,-25.61,-18.49,0.58,-2.36,78023810.07369499
31.37,-4.14,-40.98,-12.19,0.99,-2.35,386312078.594415
24.58,-8.34,-48.54,-19.0,0.26,-1.02,616054253.8912638
28.95,-8.13,-15.91,-14.49,0.6,-3.48,83831432.62994802
85.85,-5.32,-33.15,-12.77,0.8,-4.82,5566471204.040565
96.75,-6.75,-27.61,-14.01,0.43,-2.45,8839304061.754993
96.81,-1.99,-36.68,-18.92,0.0,-1.25,8986632343.943394
86.71,-6.87,-48.08,-10.43,0.01,-4.55,6204631588.036139
63.21,-4.03,-11.83,-14.71,0.37,-2.64,1606769324.236025
59.53,-5.79,-48.73,-10.31,0.35,-2.87,1830565478.1236491
58.67,-0.12,-15.68,-13.49,0.38,-3.96,1194989645.15617
25.19,-6.39,-45.53,-17.61,0.6,-3.14,488465649.2198841
58.63,-1.6,-42.42,-13.64,0.42,-3.02,1515111452.4968693
56.42,-2.07,-41.67,-11.08,0.43,-4.27,1321684537.804015
86.49,-1.94,-11.56,-12.16,0.37,-1.21,5603053298.59669
84.43,-7.83,-44.31,-16.03,0.04,-3.23,5492145047.534782
32.97,-3.29,-24.95,-18.06,0.1,-3.05,170672557.59518299
63.74,-7.52,-45.6,-14.11,0.25,-4.92,2100008240.3102582
15.34,-6.76,-32.85,-16.7,0.49,-4.82,134314668.99573806
52.7,-0.25,-38.67,-17.81,0.18,-1.77,1010648752.4365433
60.46,-1.45,-26.61,-11.72,0.41,-1.32,1391039236.6748385
44.39,-7.38,-14.32,-11.53,0.46,-3.87,398113378.83329
92.61,-8.18,-48.86,-16.39,0.94,-4.55,7956158357.738172
81.24,-3.63,-19.46,-13.89,0.59,-4.11,4379937688.962093
82.99,-1.02,-14.4,-15.98,0.08,-2.88,4756487297.042629
90.09,-3.67,-36.33,-10.43,0.67,-4.48,6771640340.949627
74.46,-3.44,-46.47,-18.05,0.47,-2.05,3562820565.426837
83.09,-8.77,-42.38,-14.14,0.75,-4.1,5111652998.47668
69.13,-1.76,-35.07,-17.29,0.03,-1.68,2450162128.506899
24.66,-4.75,-43.44,-11.6,0.28,-4.91,400285339.3754129
61.97,-6.64,-35.13,-17.34,0.28,-3.3,1646152363.8138494
99.57,-3.74,-32.07,-18.76,0.88,-2.95,9958744504.090088
23.08,-2.98,-16.15,-10.45,0.42,-2.07,37300175.017057985
90.06,-4.89,-20.26,-18.43,0.86,-4.51,6616529121.242732
73.87,-0.25,-38.85,-18.59,0.91,-1.31,3223405377.5708337
22.95,-3.57,-34.55,-15.07,0.2,-2.5,179606922.75705194
98.24,-3.26,-35.27,-14.82,0.49,-3.93,9484143800.277166
52.94,-5.44,-14.3,-15.77,0.58,-3.38,799738099.0450289
44.47,-3.3,-32.36,-13.04,0.3,-2.71,507865633.55085295
30.04,-7.26,-39.28,-18.17,0.0,-4.7,338199234.901909
86.12,-4.46,-13.75,-11.22,0.13,-3.57,5513008824.470434
79.82,-5.47,-23.58,-17.11,0.59,-2.51,4107910844.3954535
48.4,-3.39,-38.45,-13.98,0.87,-1.25,777108327.7881428
33.14,-3.58,-15.98,-12.69,0.82,-3.33,131243126.88752499
40.89,-7.64,-33.95,-13.97,0.26,-2.5,422860237.1168391
96.64,-5.27,-29.61,-18.21,0.51,-3.72,8823478814.54398
31.41,-0.75,-39.37,-16.15,0.79,-3.7,349691135.6885529
29.15,-5.43,-36.33,-14.87,0.72,-4.31,256576822.9783639
37.24,-0.38,-33.03,-19.96,0.39,-4.32,331806976.87329006
15.46,-0.01,-30.75,-14.25,0.4,-2.57,102041098.184607
59.58,-5.62,-39.23,-14.9,0.94,-4.85,1510939967.1192687
17.1,-1.93,-37.26,-18.43,0.77,-2.91,218210958.84391892
56.4,-5.78,-15.55,-13.58,0.98,-2.36,1025662492.7814931
35.64,-8.52,-35.79,-12.77,0.06,-1.87,334714518.69445
10.07,-3.35,-27.41,-11.63,0.62,-1.15,61268073.255484
16.66,-7.51,-13.45,-13.84,0.76,-2.02,16047943.418674
54.29,-5.41,-11.99,-16.5,0.44,-1.25,882041296.1866387
67.87,-3.7,-46.23,-19.52,0.46,-1.27,2605243490.9416747
33.9,-8.97,-38.91,-13.67,0.16,-3.43,372427165.4507989
56.51,-4.86,-40.1,-14.69,0.36,-3.48,1291243147.2021542
26.05,-8.2,-37.79,-15.27,0.64,-3.17,262010921.250263
69.27,-4.79,-40.47,-11.39,0.86,-4.32,2581060682.706859
53.7,-4.54,-28.91,-19.55,0.03,-1.71,922202819.2344233
21.6,-6.83,-34.21,-19.88,0.87,-2.74,180276340.16299903
76.95,-4.43,-16.45,-12.37,0.73,-4.76,3521896262.262154
68.88,-5.28,-44.92,-10.29,0.18,-3.53,2668970637.1886444
56.65,-0.6,-42.39,-12.92,0.82,-2.45,1360793311.943338
17.16,-8.1,-12.88,-13.02,0.41,-2.25,15832849.471149001
39.68,-0.35,-35.83,-10.08,0.33,-4.91,416586126.9274388
27.07,-8.55,-27.77,-11.67,0.53,-4.42,119103873.00056899
48.16,-7.26,-20.59,-19.28,0.4,-2.54,575301977.957029
28.97,-4.96,-17.48,-18.2,0.7,-2.96,92857798.54845297
89.07,-7.82,-25.48,-13.41,0.11,-1.77,6354299254.423693
31.03,-6.57,-33.41,-13.18,0.28,-1.88,225132872.167775
54.32,-2.31,-21.53,-13.6,0.04,-4.22,898268020.5860339
27.07,-5.82,-48.6,-13.67,0.91,-2.73,623058417.987359
87.74,-7.96,-48.71,-15.28,0.03,-2.37,6515600457.941648
16.23,-7.72,-43.99,-13.17,0.67,-4.57,390998098.73694
72.3,-1.43,-44.93,-18.86,0.01,-3.5,3161999348.9185195
25.52,-6.35,-27.77,-12.35,0.56,-4.63,107414296.82830302
11.48,-7.25,-42.43,-19.74,0.02,-4.53,349278997.42723405
82.4,-8.28,-43.0,-18.33,0.83,-3.66,4982515506.5852995
56.07,-3.61,-18.08,-17.43,0.23,-1.1,1011819072.53098
88.1,-0.61,-25.23,-17.96,0.72,-3.13,6078478362.425393
10.77,-5.07,-47.13,-17.38,0.42,-3.85,512240019.88833517
84.0,-0.1,-45.13,-11.97,0.15,-2.95,5400829000.542566
10.11,-5.61,-28.59,-19.59,0.05,-2.92,86302779.32872899
16.65,-3.88,-39.91,-16.57,0.64,-2.98,274720642.1756389
33.8,-8.52,-35.6,-10.32,0.91,-3.59,298007588.300653
48.75,-7.42,-18.92,-14.04,0.32,-4.68,586601731.5109489
53.27,-5.35,-49.96,-16.74,0.34,-4.29,1448135181.2264342
97.7,-7.77,-16.07,-19.34,0.37,-1.82,9148358340.03524
71.88,-2.55,-25.88,-18.49,0.48,-2.8,2731288232.271913
68.48,-6.23,-34.27,-18.89,0.39,-3.23,2360646342.51858
75.51,-4.87,-10.02,-19.23,0.22,-2.9,3271773070.5715756
72.61,-8.0,-48.87,-13.64,0.35,-3.2,3369715874.0449424
35.25,-6.1,-35.14,-12.58,0.72,-2.66,314525328.370693
80.49,-3.26,-28.8,-19.72,0.45,-2.77,4288861814.999058
55.01,-7.68,-47.61,-19.71,0.42,-1.71,1459356480.4426947
57.46,-8.25,-15.35,-11.99,0.07,-4.88,1104442600.629708
56.4,-0.74,-11.4,-17.4,0.35,-4.16,1023657840.1953009
39.0,-7.68,-34.38,-18.02,0.05,-4.38,389105105.2592531
98.4,-6.19,-21.83,-17.38,0.64,-3.23,9421043376.5894
16.57,-5.83,-21.07,-16.3,0.29,-3.64,36393993.884004004
77.08,-3.65,-28.21,-11.74,0.07,-4.79,3601566522.7836785
15.39,-5.37,-12.95,-11.75,0.44,-3.76,11158252.523147998
90.37,-5.01,-30.95,-12.54,0.05,-4.27,6774717053.601069
46.15,-8.85,-18.9,-10.86,0.43,-2.77,473269176.4583668
98.18,-1.95,-14.91,-17.66,0.69,-1.41,9310881608.80952
23.73,-4.65,-38.23,-10.78,0.94,-3.65,250697192.88495895
51.19,-6.38,-16.94,-18.36,0.26,-4.27,711010882.9766451
87.9,-1.71,-32.35,-14.56,0.33,-4.83,6089589407.802625
91.64,-2.26,-38.38,-11.09,0.98,-3.52,7278200530.837205
77.4,-2.28,-38.1,-17.1,0.21,-3.06,3816097978.0204387
51.05,-5.48,-26.95,-12.16,0.34,-3.81,739075101.5353377
45.18,-6.45,-10.48,-10.88,0.22,-4.36,422428950.405509
66.76,-2.18,-36.14,-19.8,0.0,-2.73,2179681927.0075684
83.57,-4.95,-12.05,-15.15,0.05,-3.72,4892444527.037001
86.67,-5.35,-39.92,-19.03,0.16,-3.63,5924230615.2643585
97.31,-2.85,-34.68,-10.09,0.26,-2.51,9120353807.631962
87.23,-7.47,-26.78,-18.99,0.22,-1.73,5869045273.016937
75.22,-3.44,-10.67,-12.34,0.92,-1.57,3209185373.5200043
57.99,-2.44,-38.44,-12.46,0.99,-4.36,1357133500.1630504
67.58,-6.82,-20.63,-16.1,0.73,-4.0,2118683457.7292733
14.64,-0.09,-18.52,-15.88,0.01,-3.71,23871621.064529993
77.97,-0.43,-39.73,-13.6,0.9,-2.83,3953362964.2694225
30.45,-7.2,-24.33,-14.53,0.24,-3.8,129123037.12130296
68.3,-2.63,-33.6,-19.15,0.86,-3.36,2323947477.4002013
65.04,-6.9,-25.5,-17.62,0.4,-1.22,1850061934.2729928
94.84,-5.73,-21.53,-11.52,0.14,-3.74,8125272331.889891
54.28,-6.66,-17.68,-11.4,0.0,-3.52,884583044.5407678
62.92,-3.25,-24.35,-16.4,0.05,-4.34,1614371404.6124709
65.25,-7.42,-10.18,-10.22,0.99,-2.49,1821805406.269954
24.14,-3.13,-38.43,-19.77,0.05,-1.09,273823854.155844
45.56,-3.32,-35.13,-14.21,0.91,-2.97,592328730.7031751
91.99,-3.27,-11.04,-17.89,0.87,-4.75,7178551072.8239
77.76,-5.03,-32.68,-16.69,0.63,-4.2,3787965248.196215
22.87,-3.15,-24.52,-10.44,0.01,-4.79,66411277.43359901
97.96,-2.48,-23.37,-13.2,0.84,-4.59,9247786985.336866
31.8,-6.93,-45.32,-12.34,0.55,-1.79,533779946.3319381
63.8,-6.7,-34.24,-16.72,0.02,-1.48,1812148474.6948478
79.83,-6.07,-22.34,-13.4,0.29,-1.05,4098869445.6222377
64.21,-4.73,-48.95,-12.93,0.19,-2.16,2287401221.125368
97.1,-6.43,-37.2,-13.75,0.43,-4.6,9101134772.576323
58.97,-1.08,-37.62,-13.68,0.96,-1.96,1417835618.4334447
61.42,-2.39,-40.28,-15.38,0.92,-4.72,1698946495.605525
76.41,-6.1,-35.66,-10.54,0.93,-2.17,3582071129.563153
82.24,-7.85,-35.74,-10.17,0.88,-3.72,4752786394.275832
21.65,-1.18,-16.71,-14.84,0.99,-1.97,35569265.99451899
75.16,-1.7,-28.07,-11.79,0.61,-2.63,3259042934.686358
88.07,-8.24,-40.54,-11.26,0.1,-4.03,6305459115.921906
51.79,-6.92,-30.38,-18.17,0.74,-2.81,823177181.1448098
90.41,-4.71,-40.27,-10.13,0.19,-2.94,6956805535.447064
35.35,-5.76,-29.05,-11.73,0.97,-1.9,233066126.48454803
75.4,-8.71,-34.93,-15.77,0.49,-1.91,3402149900.1463256
84.85,-1.83,-42.52,-12.57,0.64,-4.4,5520075432.702678
80.18,-2.79,-40.53,-18.41,0.13,-2.82,4424219998.789262
71.98,-8.77,-15.03,-11.42,0.59,-4.53,2701667121.0432954
23.35,-3.27,-23.24,-12.02,0.93,-4.7,62747974.252359
62.25,-7.49,-26.78,-17.54,0.86,-4.91,1571508185.429554
62.63,-3.58,-34.14,-19.44,0.37,-2.64,1696322002.7615306
87.05,-7.13,-33.8,-12.16,0.16,-3.67,5889186777.593459
38.38,-3.06,-13.32,-19.19,0.09,-3.61,235357577.8048901
29.59,-4.54,-19.79,-14.15,0.31,-4.77,98089519.81724398
12.02,-1.98,-43.69,-17.88,0.62,-2.45,383771660.842725
86.2,-7.6,-38.71,-14.33,0.2,-2.89,5766447760.289603
18.04,-7.51,-34.0,-13.9,0.71,-1.07,152477178.257138
81.1,-7.62,-46.89,-14.84,0.17,-4.9,4831917648.658233
20.02,-6.46,-25.76,-16.1,0.94,-4.35,69912283.21214402
95.37,-3.36,-38.27,-14.3,0.03,-1.6,8501959886.425602
35.52,-7.27,-25.29,-12.62,0.12,-1.1,206703579.62301004
46.46,-3.18,-16.59,-14.97,0.85,-2.5,480780283.139599
71.37,-5.14,-33.14,-10.95,0.01,-1.77,2724626739.6807194
33.99,-4.08,-46.69,-18.32,0.84,-2.28,629276369.01393
82.18,-5.93,-11.44,-16.28,0.77,-3.54,4578435429.892973
16.04,-1.93,-23.39,-17.75,0.72,-1.39,48579913.16007901
98.44,-4.67,-38.19,-10.06,0.4,-2.46,9616551204.233236
39.72,-7.22,-47.21,-17.69,0.43,-4.99,766614618.6654152
73.09,-2.43,-30.76,-13.2,0.0,-1.42,2951669055.597939
37.9,-0.37,-19.06,-15.52,0.16,-4.26,226617771.4843089
36.46,-1.88,-16.35,-10.5,0.62,-3.51,186175594.93245304
68.84,-4.64,-19.86,-12.85,0.34,-4.81,2269641611.9170303
26.46,-7.4,-12.18,-12.78,0.89,-2.09,55745094.306829005
52.69,-3.81,-18.42,-16.12,0.31,-2.36,792346490.7186949
36.15,-0.94,-41.05,-10.41,0.73,-3.25,459839546.92714787
25.0,-5.52,-49.05,-10.94,0.47,-2.59,625925908.1380179
33.83,-1.76,-18.99,-19.06,0.1,-3.59,159041970.13159397
32.66,-6.1,-25.14,-15.93,0.56,-4.71,163873188.13734898
80.94,-7.73,-47.75,-10.5,0.27,-4.1,4829109561.801301
79.36,-1.58,-13.65,-14.12,0.25,-4.91,3976500819.0352983
23.58,-8.49,-39.47,-14.39,0.21,-4.92,284598800.62790006
57.48,-3.24,-19.13,-14.67,0.75,-2.81,1112930555.5045984
24.61,-8.27,-33.61,-17.94,0.37,-1.78,180759761.45538002
98.25,-6.7,-15.75,-10.75,0.6,-2.82,9339499852.134377
40.12,-2.14,-24.22,-10.27,0.03,-2.79,296599452.3911299
15.92,-6.97,-33.0,-16.8,0.85,-2.51,137647415.568802
62.23,-5.18,-37.37,-16.58,0.82,-1.74,1711311172.9634492
91.02,-0.17,-48.08,-13.61,0.04,-3.87,7408181956.314328
32.5,-0.03,-48.99,-10.83,0.88,-1.4,694391783.4110391
15.4,-4.06,-13.82,-11.31,0.59,-1.24,11625215.842354003
36.45,-1.72,-45.46,-16.06,0.31,-2.19,617603042.359154
38.41,-2.34,-17.01,-14.19,0.43,-4.6,231655299.1348199
42.58,-2.05,-16.11,-11.55,0.09,-1.32,338630522.523948
16.27,-2.58,-37.34,-10.47,0.42,-1.13,205863639.99865007
92.83,-4.02,-22.29,-17.56,0.64,-4.72,7468993371.129933
16.14,-2.68,-37.69,-16.92,0.36,-4.75,221935540.24192494
49.73,-0.53,-42.9,-11.33,0.88,-2.26,956582411.3890789
20.37,-5.2,-36.57,-18.91,0.49,-1.68,214758780.9119241
97.64,-5.43,-37.3,-14.19,0.65,-2.33,9301274892.073263
13.93,-7.89,-40.72,-14.52,0.14,-4.95,289353759.9801299
69.03,-5.76,-16.42,-10.9,0.19,-3.81,2285678146.2110744
73.55,-2.54,-48.51,-14.46,0.06,-1.83,3494399351.729834
87.01,-2.66,-16.65,-17.6,0.56,-4.71,5753958284.97566
25.16,-4.15,-31.54,-15.44,0.64,-4.3,148546635.289029
65.93,-6.09,-20.83,-14.77,0.72,-3.88,1919934142.216781
83.43,-3.99,-45.18,-14.18,0.95,-2.85,5277363319.396878
12.4,-7.28,-18.38,-14.15,0.03,-3.62,19501292.947698
57.27,-0.17,-18.92,-19.53,0.94,-3.59,1104623840.5437353
57.93,-7.41,-17.5,-12.17,0.59,-1.41,1144019000.6684442
65.02,-3.05,-16.35,-12.7,0.88,-4.93,1800328340.3460016
66.54,-2.02,-43.05,-17.56,0.42,-4.23,2321853792.79159
17.21,-5.59,-32.45,-19.36,0.04,-4.13,138557411.54423904
75.45,-5.94,-12.82,-11.93,0.72,-2.25,3252803488.7649536
66.0,-6.45,-17.73,-17.95,0.05,-1.21,1924874918.202116
84.43,-8.58,-40.84,-12.62,0.67,-1.31,5379935066.522292
72.52,-8.92,-44.95,-12.14,0.28,-3.0,3192142835.5871096
74.45,-0.37,-49.44,-18.76,0.83,-2.34,3691931982.8394804
15.02,-5.71,-19.73,-16.76,0.71,-1.15,29962377.048495002
44.74,-3.87,-49.64,-17.42,0.36,-2.99,1027637039.5837651
34.75,-2.31,-10.15,-17.46,0.63,-4.49,157113813.45498797
76.35,-3.03,-19.8,-11.4,0.16,-3.75,3419686451.526641
91.88,-8.59,-20.37,-15.52,0.09,-2.53,7166359398.410333
27.22,-3.51,-29.42,-17.96,0.83,-2.18,144003603.63353
13.98,-6.59,-32.23,-11.74,0.26,-3.52,116907043.08956994
35.51,-2.75,-26.07,-14.05,0.38,-1.91,211815070.899388
84.11,-6.39,-29.31,-19.02,0.68,-4.21,5104534769.054495
13.38,-0.48,-33.39,-13.88,0.74,-3.51,134434181.17880505
61.48,-4.62,-29.22,-14.98,0.27,-2.78,1512940327.8957644
27.33,-0.86,-35.28,-10.91,0.52,-1.66,215105732.74257004
56.69,-2.84,-12.66,-14.84,0.68,-3.5,1042583700.2740047
47.09,-1.0,-40.76,-13.23,0.8,-4.22,775807669.2523783
23.41,-0.85,-44.62,-15.73,0.16,-1.15,439123920.182599
16.86,-6.46,-22.4,-19.15,0.73,-3.35,49395617.147737995
48.78,-8.98,-29.36,-14.73,0.75,-3.52,653235823.883554
92.09,-2.38,-43.07,-15.63,0.06,-2.88,7552189852.658055
45.77,-6.66,-42.91,-16.83,0.24,-3.37,795681730.761735
20.65,-1.39,-14.25,-10.42,0.59,-1.53,24053231.298347995
48.08,-7.5,-42.51,-18.01,0.31,-3.72,882447444.0123191
71.17,-4.28,-47.35,-16.4,0.73,-2.78,3087613090.780943
98.61,-5.36,-16.48,-18.91,0.88,-3.9,9487292437.742172
51.57,-0.49,-33.15,-18.42,0.2,-4.74,843997948.3450229
20.14,-7.95,-31.02,-15.96,0.9,-1.66,120124281.53781302
40.34,-6.48,-26.17,-13.83,0.52,-3.92,319854237.7414102
83.14,-8.78,-22.85,-15.35,0.22,-1.81,4825514810.12898
60.52,-0.81,-40.06,-13.48,0.14,-2.44,1607461653.420165
58.09,-6.82,-20.2,-11.43,0.51,-4.34,1163037508.8464391
99.22,-3.12,-32.89,-11.51,1.0,-4.13,9819221652.428434
12.68,-6.89,-45.47,-16.54,0.12,-3.87,445487963.43029
24.33,-6.19,-30.67,-15.73,0.53,-3.34,133818276.98738503
49.46,-5.57,-34.7,-17.7,0.7,-1.13,760647116.2699572
39.85,-0.61,-30.73,-15.05,0.88,-3.43,349608706.22226804
29.51,-7.49,-48.67,-13.08,0.12,-4.87,648493359.8442549
68.23,-6.05,-15.53,-10.51,0.38,-4.81,2180674857.841484
70.1,-8.6,-30.28,-18.62,0.65,-2.95,2523793977.2371163
34.82,-0.31,-39.93,-11.93,0.04,-4.3,407295141.37265503
99.05,-3.67,-25.67,-17.19,0.73,-3.87,9687154224.10733
91.76,-2.08,-30.87,-13.97,0.1,-1.77,7190403990.924515
11.86,-2.72,-34.97,-12.81,0.62,-4.39,157609761.43540996
39.71,-8.49,-18.23,-10.85,0.08,-3.38,265321367.533644
35.01,-6.17,-14.21,-15.69,0.04,-1.02,162819413.56757998
59.66,-7.52,-37.92,-15.72,0.57,-2.55,1490517616.9686046
86.77,-1.27,-45.99,-15.19,0.09,-3.29,6129908532.820064
50.16,-7.81,-20.78,-11.3,0.82,-3.42,658892246.5271887
51.52,-5.28,-28.38,-18.7,0.93,-2.76,787745223.7399093
18.81,-7.87,-20.33,-15.31,0.55,-3.22,37600641.630248986
18.74,-8.52,-48.53,-15.68,0.78,-3.54,582506024.2216051
50.64,-4.17,-21.9,-19.23,0.73,-1.71,698423282.5499188
23.74,-0.43,-40.11,-13.25,0.03,-1.56,298166321.517724
80.52,-4.53,-29.67,-14.74,0.17,-4.7,4294501001.1622133
67.11,-3.45,-10.68,-17.18,0.56,-2.33,2041944555.2497134
30.83,-5.58,-17.61,-16.67,0.19,-3.53,110037581.3495
20.17,-4.7,-37.81,-14.42,0.47,-4.7,230121450.75031903
71.73,-2.95,-40.23,-17.04,0.75,-1.92,2926455821.3511887
80.25,-3.53,-34.55,-13.49,0.42,-1.06,4301245141.325228
37.46,-1.07,-32.26,-19.5,0.3,-3.68,324168001.990933
99.85,-2.49,-24.54,-18.09,0.55,-4.23,9994358478.771465
75.67,-1.83,-19.78,-14.97,0.66,-3.86,3302300645.559816
91.73,-2.34,-41.59,-13.94,0.17,-4.02,7392180114.647857
23.45,-6.29,-49.4,-15.56,0.71,-4.76,640714487.9629828
67.12,-4.98,-25.79,-19.08,0.81,-1.59,2094346674.54285
39.75,-2.13,-20.37,-18.65,0.86,-1.97,281236492.06978804
77.1,-4.78,-11.98,-14.39,0.17,-2.19,3546188607.6874323
24.19,-2.87,-15.16,-14.28,0.7,-4.26,44724040.843073994
73.53,-7.59,-48.28,-17.54,0.93,-2.82,3493494261.7508545
40.14,-0.29,-12.43,-14.17,0.83,-3.03,266558784.86514002
49.43,-0.38,-13.38,-12.07,0.61,-2.52,602947595.955015
91.94,-1.53,-16.97,-12.05,0.85,-3.13,7158979366.757108
47.37,-2.88,-20.28,-19.88,0.11,-2.25,539095352.4433299
14.02,-5.14,-29.49,-18.06,0.45,-2.42,93796714.18695399
39.19,-6.4,-45.35,-19.62,0.83,-2.72,684438257.3499029
32.62,-3.58,-26.78,-19.05,0.16,-3.36,181506550.82094896
46.45,-1.18,-17.01,-11.64,0.67,-3.08,476948387.584239
14.97,-7.13,-19.09,-16.05,0.43,-3.55,26928228.820529003
48.51,-4.43,-29.95,-16.22,0.24,-1.91,646407556.901359
13.49,-3.66,-45.89,-17.47,0.94,-3.21,463926226.49645495
89.69,-4.96,-13.75,-12.11,1.0,-1.12,6485376692.072341
26.26,-4.73,-18.97,-19.3,0.17,-2.64,76619328.336919
20.54,-2.74,-36.7,-10.44,0.54,-3.03,203640373.46398407
74.05,-8.57,-42.56,-17.03,0.75,-2.48,3360196908.176627
16.4,-2.52,-31.49,-17.4,0.8,-3.76,118447048.75811696
19.92,-0.61,-40.75,-17.37,0.66,-4.86,306577600.90055895
39.64,-6.84,-26.23,-12.87,0.9,-3.95,301437319.12915397
67.45,-3.47,-22.11,-12.34,0.94,-1.81,2100487958.6284792
74.1,-7.15,-27.95,-12.41,0.2,-2.74,3088736636.8069105
99.77,-6.29,-27.91,-11.95,0.82,-3.95,9985882339.934683
51.91,-2.86,-33.77,-16.89,0.63,-4.17,869874306.1218197
91.9,-7.97,-35.32,-14.25,0.09,-3.93,7310611576.124545
16.61,-4.8,-26.45,-12.67,0.3,-2.37,61426096.308886975
69.45,-6.95,-48.59,-10.28,0.54,-1.83,2897477170.8962235
17.23,-7.76,-38.19,-12.71,0.85,-3.13,229273187.579644
96.15,-6.46,-16.63,-14.76,0.51,-2.64,8572184458.327917
99.63,-7.21,-31.19,-18.76,0.75,-2.62,9978497680.741362
83.47,-8.19,-49.86,-18.41,0.95,-3.7,5505682678.507204
84.85,-3.57,-37.0,-19.22,0.85,-3.86,5395011622.633205
25.63,-6.12,-46.12,-16.54,0.53,-3.13,511616824.62837005
59.85,-0.09,-28.85,-11.7,0.73,-3.71,1356333944.9858522
68.87,-3.71,-17.07,-15.21,0.17,-4.94,2268045538.7907457
29.13,-5.27,-20.85,-19.08,0.04,-1.88,106984259.183679
42.66,-6.12,-31.65,-16.73,0.5,-1.26,445437518.5499377
83.09,-4.96,-20.0,-18.86,0.03,-1.47,4803702327.098113
55.75,-2.62,-43.92,-13.21,0.71,-4.83,1348125898.643919
65.35,-4.06,-10.63,-19.21,0.26,-4.58,1842717995.690039
71.85,-1.52,-32.19,-11.75,0.18,-1.0,2778475900.790662
31.33,-2.92,-29.16,-19.37,0.46,-3.61,186743925.83456996
59.04,-6.41,-49.71,-12.84,0.22,-3.75,1840029081.47629
49.39,-6.05,-37.11,-18.84,0.2,-4.61,806022516.5629431
62.6,-2.33,-24.87,-15.6,0.36,-3.25,1583707698.475698
83.01,-3.82,-42.5,-17.34,0.07,-1.8,5095305264.737914
54.37,-5.42,-17.02,-15.86,0.59,-2.44,892910837.3406498
76.74,-1.76,-31.77,-14.23,0.22,-1.81,3579126359.38189
78.29,-6.86,-41.34,-19.89,0.0,-2.66,4080621388.1440744
73.57,-5.36,-26.34,-12.95,0.56,-2.65,2988422339.890073
56.23,-5.17,-46.39,-11.48,0.74,-3.13,1473315430.1876945
62.95,-5.73,-39.59,-10.25,0.19,-3.77,1825364975.9222732
71.09,-1.46,-30.18,-18.38,0.41,-2.99,2653393419.513091
44.88,-5.34,-10.63,-11.67,0.35,-3.14,411415965.7756792
16.68,-0.92,-49.71,-14.91,0.61,-4.16,630984442.5098549
81.17,-1.68,-32.69,-10.16,0.12,-3.72,4460716437.78489
54.33,-1.63,-29.49,-13.42,0.78,-2.53,953551492.0331348
25.72,-3.46,-49.12,-10.06,0.92,-1.26,632614887.63744
18.63,-3.82,-40.63,-12.08,0.34,-2.98,291256510.13313
64.54,-1.04,-14.34,-10.39,0.64,-3.26,1741779724.0220053
19.07,-8.44,-45.15,-16.36,0.88,-1.59,444574936.6080739
49.11,-8.03,-30.47,-16.22,0.27,-2.23,682601674.9091002
47.39,-0.6,-30.33,-10.78,0.96,-2.92,592682072.8612739
52.74,-8.23,-30.79,-19.6,0.85,-2.6,887561860.4756233
65.06,-2.28,-39.3,-16.79,0.01,-1.39,2045503522.0946338
67.68,-3.04,-12.57,-17.84,0.26,-3.56,2114218222.346646
73.24,-3.17,-40.21,-11.29,0.64,-2.7,3147707297.1017733
52.9,-4.76,-34.11,-10.46,0.95,-1.63,925095938.2972981
10.6,-2.23,-34.64,-14.63,0.12,-3.34,153564294.274154
79.96,-1.19,-13.03,-18.31,0.44,-1.83,4104112049.4757743
21.03,-4.11,-31.78,-11.41,0.54,-2.16,126166099.04589503
59.69,-2.78,-34.82,-19.97,0.84,-2.41,1439310649.33057
13.27,-0.54,-15.23,-15.87,0.06,-4.58,15628599.761094999
47.75,-4.78,-38.15,-10.07,0.87,-3.32,738205695.194868
23.66,-8.99,-41.75,-14.54,0.98,-1.64,347202207.98483396
54.37,-0.39,-48.86,-18.83,0.97,-3.6,1465778672.5052195
82.48,-2.57,-25.15,-14.26,0.31,-3.4,4677575606.95404
96.36,-4.71,-33.29,-16.35,0.07,-3.85,8764263844.9056
64.38,-4.04,-26.75,-19.19,0.26,-1.39,1788993576.1953132
25.16,-2.99,-33.78,-14.14,0.37,-2.25,178074761.79957005
78.93,-8.42,-26.81,-14.25,0.53,-3.19,3950517357.014526
47.64,-2.05,-37.78,-17.52,0.85,-4.84,734337374.7613381
92.33,-8.17,-27.94,-15.3,0.5,-3.98,7350923989.777938
53.74,-1.98,-34.24,-17.32,0.18,-4.39,985869404.6695203
48.22,-2.74,-49.37,-16.57,0.8,-2.58,1151935461.1317935
20.07,-2.56,-34.06,-18.28,0.36,-1.93,166595633.09576502
88.27,-1.7,-43.67,-12.28,0.13,-4.9,6444430536.005678
76.82,-7.05,-49.66,-18.56,0.69,-3.68,4121052405.6173515
17.72,-2.76,-43.25,-15.93,0.99,-4.99,372573352.525559
23.0,-5.63,-33.19,-18.98,0.56,-2.77,167508598.17419395
49.49,-0.94,-19.67,-12.91,0.28,-3.47,619148548.7265354
87.59,-5.44,-35.47,-16.35,0.29,-4.65,6064313915.183646
43.35,-6.21,-23.99,-13.52,0.44,-1.62,393901873.59231895
18.69,-3.12,-37.4,-10.22,0.44,-4.6,212251752.924309
31.84,-0.01,-18.87,-17.99,0.17,-1.31,127271542.56921999
42.37,-7.27,-35.45,-19.28,0.45,-3.94,502278035.28030807
90.23,-0.12,-39.41,-19.28,0.41,-1.87,6889726785.918057
23.77,-0.27,-37.5,-13.1,0.27,-1.78,236489374.797223
52.92,-7.98,-26.4,-10.25,0.35,-2.79,840697839.2435622
78.83,-7.61,-41.57,-16.24,0.47,-3.76,4183243704.3088193
45.98,-5.56,-41.32,-19.16,0.57,-4.01,761365258.0045248
26.23,-1.27,-39.11,-14.22,0.96,-3.88,290067386.6467351
20.99,-0.44,-28.0,-19.97,0.97,-1.34,99995282.02395898
61.1,-0.1,-34.42,-19.32,0.85,-2.98,1552729830.677397
22.44,-3.4,-14.19,-10.08,0.17,-3.95,31268374.657634005
35.76,-2.44,-11.02,-17.71,0.68,-2.49,175914186.740245
95.32,-5.51,-26.35,-19.8,0.91,-3.61,8332006997.40846
42.43,-7.34,-31.28,-15.19,0.64,-3.98,431512334.42633003
92.57,-1.46,-20.32,-14.68,0.57,-2.29,7368592130.255807
17.85,-2.09,-29.6,-14.92,0.73,-2.84,94728925.270423
58.94,-4.74,-44.47,-18.33,0.87,-2.79,1620161697.4413347
46.0,-5.87,-48.81,-11.14,0.12,-4.69,1025381656.3848342
41.57,-3.4,-38.17,-17.09,1.0,-4.5,525802060.8601831
62.54,-0.16,-17.69,-15.55,0.62,-1.23,1546557338.8386736
21.64,-5.41,-35.7,-19.43,0.63,-1.08,204491539.34323907
32.27,-2.78,-49.4,-13.74,0.2,-4.87,715171086.9611728
26.42,-7.65,-45.07,-19.64,0.73,-2.62,486333878.502279
39.57,-5.29,-39.3,-12.23,0.53,-1.07,491842952.64220387
66.01,-6.17,-30.0,-10.04,0.77,-3.59,1988292945.3631196
46.67,-7.61,-30.46,-10.76,0.8,-1.81,567926468.8349942
13.13,-8.81,-42.46,-14.2,0.62,-4.25,338938487.88147414
33.68,-8.21,-26.75,-15.41,0.41,-1.2,190483211.65740404
44.6,-6.51,-26.77,-17.53,0.15,-2.73,462085562.67574805
58.77,-0.4,-20.15,-10.55,0.95,-1.97,1211844788.107916
93.33,-7.63,-34.38,-17.06,0.48,-2.09,7753641317.834129
61.72,-8.87,-16.3,-12.7,0.48,-3.28,1469130461.306533
25.68,-5.45,-36.05,-12.08,0.95,-4.14,218800840.0062469
52.63,-7.52,-37.56,-12.9,0.29,-3.1,977745225.4905543
66.26,-0.13,-44.31,-17.04,0.4,-1.39,2328480412.050915
37.24,-2.25,-42.42,-15.99,0.02,-1.05,529300719.4691141
45.59,-8.11,-18.2,-10.1,0.88,-4.51,448756984.6883383
53.05,-7.76,-47.26,-12.41,0.16,-1.88,1304345987.8596737
25.69,-3.39,-29.13,-10.83,0.42,-2.27,119393167.58934002
80.67,-7.89,-32.66,-13.29,0.91,-3.41,4365855220.32414
82.21,-0.17,-39.89,-13.06,0.67,-1.46,4828363987.42586
63.14,-0.74,-43.29,-16.54,0.26,-4.2,1955028870.6672046
32.2,-7.02,-24.26,-13.89,0.14,-1.07,149517191.57734904
91.91,-5.49,-28.51,-18.6,0.7,-3.01,7226617407.532864
60.03,-2.66,-15.02,-14.88,0.06,-1.57,1311247704.015765
66.16,-3.84,-19.15,-16.09,0.27,-4.56,1940768361.341999
29.69,-4.97,-29.06,-19.65,0.98,-3.98,168382030.016039
57.16,-6.9,-37.71,-12.26,0.89,-2.76,1280705527.3098338
14.96,-6.68,-38.27,-14.57,0.57,-2.11,229276531.63397506
15.07,-7.98,-24.26,-19.13,0.46,-2.68,56588005.677609995
28.27,-5.1,-30.85,-11.71,0.07,-2.86,159713392.15694806
71.91,-2.0,-31.87,-14.19,0.16,-3.17,2786293390.2186775
33.77,-8.02,-33.94,-17.73,0.28,-4.63,279533400.52305007
71.19,-3.08,-28.17,-12.05,0.4,-4.34,2638747090.992263
82.51,-6.6,-36.12,-11.92,0.52,-2.2,4819725828.143351
49.88,-4.3,-26.76,-15.9,0.29,-4.34,681331978.1174933
59.62,-2.25,-12.39,-19.7,0.61,-2.09,1283128078.556143
58.02,-4.32,-45.63,-11.21,0.38,-2.89,1576304534.3775709
20.01,-2.98,-32.51,-12.62,0.97,-1.27,133338077.62013496
70.22,-2.54,-14.39,-19.99,0.03,-1.63,2455002642.2581344
98.21,-3.11,-28.22,-13.64,0.5,-1.83,9378205272.26739
47.77,-1.58,-10.01,-10.92,0.9,-2.08,524115673.031434
87.78,-8.48,-38.49,-11.04,0.59,-1.79,6175745400.51229
25.26,-3.01,-14.24,-11.41,0.94,-2.63,47412703.75841002
60.36,-7.64,-45.95,-16.16,0.46,-1.23,1793500382.392149
21.39,-1.09,-35.8,-10.16,0.84,-4.79,189098159.217074
18.16,-4.7,-30.46,-11.28,0.99,-3.64,101250983.098149
73.63,-4.47,-17.07,-11.96,0.62,-4.22,2955356858.911934
81.82,-8.64,-26.97,-11.11,0.59,-2.22,4550311976.621373
21.17,-5.77,-38.73,-18.16,0.1,-3.56,262482610.76023895
56.9,-7.79,-23.36,-14.61,0.51,-3.12,1089901636.9492388
92.19,-4.95,-30.69,-16.38,0.84,-4.62,7331006237.787841
61.44,-0.5,-19.9,-10.26,0.28,-3.02,1442998134.4809277
97.46,-0.96,-27.94,-10.4,0.99,-2.68,9087700527.907104
61.95,-3.53,-19.92,-11.99,0.12,-4.06,1494469089.9800394
60.77,-7.29,-34.76,-15.89,0.46,-4.5,1526195245.1202953
83.08,-4.23,-11.3,-15.28,0.35,-4.62,4777570458.427417
12.51,-4.26,-20.83,-16.16,0.0,-3.21,29812372.556633994
73.86,-5.69,-23.06,-13.26,0.61,-3.62,3015330979.84505
78.44,-1.4,-45.15,-17.66,0.04,-3.77,4220203751.1702127
69.82,-5.62,-10.59,-17.4,0.16,-4.73,2392901893.0731077
72.02,-8.04,-26.9,-17.73,0.65,-3.09,2764364721.866537
74.4,-8.36,-11.45,-12.19,0.32,-3.34,3078203600.753938
14.48,-2.84,-30.56,-17.07,0.41,-4.87,103572938.30601001
90.74,-8.47,-26.97,-14.75,0.29,-4.76,6854197562.31844
58.99,-0.87,-27.55,-10.89,0.0,-4.15,1272286386.1180284
49.61,-0.3,-39.42,-15.58,0.33,-4.4,858251314.0941539
71.06,-7.85,-31.4,-17.56,0.14,-2.55,2668779934.8945346
74.72,-6.5,-28.44,-18.69,0.32,-2.78,3205505311.8053493
56.87,-8.64,-24.17,-10.83,0.5,-2.24,1089348969.3109188
22.5,-0.04,-10.77,-19.38,0.67,-3.07,41535477.668354005
50.2,-5.62,-38.01,-13.21,0.51,-4.36,853981580.4851191
68.79,-8.85,-29.48,-14.51,0.42,-2.78,2331282002.6909204
93.84,-5.27,-21.34,-13.93,0.77,-2.8,7789765945.0304575
94.54,-8.2,-47.79,-19.97,0.07,-4.08,8551121873.375921
19.55,-2.47,-30.3,-16.18,0.15,-2.34,109063703.464407
91.05,-8.77,-27.4,-19.46,0.91,-4.04,6961824173.280981
79.93,-1.07,-16.03,-10.64,0.54,-2.8,4091517705.279456
61.42,-2.97,-17.64,-11.14,1.0,-4.11,1437334736.207109
60.78,-5.06,-47.81,-12.48,0.2,-2.02,1899631120.565989
58.68,-4.79,-29.92,-10.72,0.35,-2.41,1272629117.838834
33.94,-3.93,-43.24,-14.25,0.05,-3.52,492995950.4740231
25.28,-0.52,-40.85,-15.06,0.15,-3.55,329731114.4008181
35.06,-3.22,-25.48,-16.43,0.04,-1.17,203612867.15272504
61.68,-0.02,-19.66,-13.63,0.4,-2.75,1466870131.395189
52.31,-2.47,-38.19,-18.0,0.59,-2.14,978764784.7644839
45.31,-8.24,-16.9,-16.69,0.44,-4.44,442466704.23711413
23.87,-1.49,-13.61,-11.69,0.53,-3.18,38392610.896105014
42.7,-3.49,-23.07,-16.74,0.83,-4.05,371784220.695599
58.25,-7.2,-12.61,-16.98,0.49,-2.64,1167980526.0559828
71.73,-6.42,-15.97,-14.99,0.44,-4.21,2666567044.4530153
31.36,-4.16,-36.55,-15.31,0.27,-3.88,285890527.3006388
17.92,-1.04,-27.44,-10.4,0.44,-2.21,69893506.08334401
51.14,-5.28,-25.46,-15.07,0.72,-2.61,736151993.4712853
56.33,-0.29,-32.76,-16.75,0.38,-2.23,1133786786.5820389
43.18,-8.93,-34.74,-18.46,0.56,-1.33,514010291.9864051
28.49,-4.88,-13.66,-16.87,0.33,-2.96,79040331.629255
84.15,-3.64,-40.44,-16.08,0.78,-4.39,5299209252.558392
67.11,-1.62,-21.0,-12.18,0.24,-4.97,2052632090.0794284
99.41,-1.44,-21.96,-11.41,0.19,-3.07,9795054959.874893
16.53,-6.29,-17.56,-11.86,0.65,-2.43,20355630.433599
80.98,-7.65,-32.15,-15.32,0.35,-3.92,4426813135.328567
19.99,-0.3,-20.41,-12.49,0.75,-1.09,36854654.486988
90.51,-5.0,-15.3,-19.45,0.82,-1.17,6740028465.650603
48.47,-0.58,-32.87,-12.81,0.08,-2.65,674536396.9504548
23.51,-2.73,-11.83,-19.6,0.88,-4.0,48128994.45719902
32.87,-2.3,-34.87,-17.03,0.99,-2.13,277766499.55660397
90.61,-4.38,-42.17,-13.78,0.27,-2.38,7073027576.112091
40.03,-2.46,-10.58,-11.12,0.86,-2.61,260610584.37688506
61.97,-3.82,-27.47,-13.76,0.55,-3.01,1540495886.9836388
40.72,-1.42,-49.43,-12.46,0.84,-3.91,881150123.3362451
71.43,-8.29,-29.87,-15.98,0.78,-1.33,2701698718.744816
65.61,-7.18,-21.61,-15.45,0.48,-2.56,1888697962.923399
20.32,-1.16,-10.8,-17.37,0.24,-1.34,28045269.333749
30.27,-0.37,-41.69,-13.06,0.75,-2.28,393726481.78344387
47.51,-0.43,-39.22,-12.75,0.47,-4.58,753025512.2465639
12.76,-2.87,-42.73,-10.19,0.09,-2.7,341189603.9716599
14.2,-5.33,-20.6,-18.55,0.61,-3.67,35942178.964287
36.21,-5.27,-12.08,-17.68,0.18,-3.86,185898245.52877003
71.3,-4.77,-42.93,-13.03,0.64,-3.76,2937022777.5574393
57.84,-1.98,-16.33,-13.72,0.19,-4.5,1131984040.9142506
65.19,-3.02,-13.91,-10.01,0.5,-1.12,1813786311.1901994
45.0,-3.91,-44.69,-14.61,0.8,-1.44,821270510.0574228
85.89,-0.77,-11.58,-18.11,0.23,-2.41,5456366241.916461
49.61,-2.87,-28.0,-16.0,0.97,-4.25,677782034.765183
35.55,-8.23,-21.86,-13.07,0.53,-3.85,189614285.48516393
89.17,-1.7,-49.45,-16.29,0.44,-4.08,6938251885.458825
61.83,-4.01,-37.46,-14.7,0.81,-2.73,1670547915.9479992
73.12,-3.82,-10.79,-15.61,0.56,-2.45,2870353700.22093
88.01,-3.33,-20.37,-18.84,0.1,-3.03,6036355848.673522
82.6,-4.45,-45.2,-19.17,0.66,-3.63,5100240406.06548
88.73,-6.52,-41.21,-16.18,0.77,-3.9,6510161757.896257
66.04,-0.58,-14.48,-16.77,0.14,-1.45,1915639466.4579258
70.35,-1.93,-40.12,-19.97,0.62,-2.25,2732901300.639479
32.17,-4.51,-33.98,-10.65,0.06,-4.13,245413580.368359
76.7,-4.54,-42.52,-15.76,0.83,-1.87,3805310295.010669
16.1,-0.67,-20.39,-13.83,0.06,-1.61,28908519.337279003
20.88,-5.71,-16.99,-13.76,0.95,-4.85,32453539.731918987
32.01,-1.86,-32.5,-13.34,0.93,-3.69,223040010.33035395
34.12,-0.53,-39.17,-19.0,0.64,-2.04,390069558.02315396
49.53,-2.06,-19.43,-15.17,0.48,-3.22,623595498.0746151
89.23,-1.28,-18.3,-18.0,0.17,-2.4,6364360117.932618
61.56,-2.27,-31.11,-17.85,0.44,-1.09,1545270951.1751993
26.36,-2.31,-34.16,-17.04,0.23,-3.48,197352962.37056994
10.51,-1.0,-32.87,-15.81,0.07,-4.03,127780239.05228399
99.15,-3.86,-34.83,-18.27,0.68,-2.5,9834891533.596684
53.27,-7.91,-26.26,-15.72,0.85,-2.27,866350052.8645593
52.11,-4.96,-13.25,-10.08,0.67,-1.85,744676105.3956391
41.96,-8.49,-14.48,-13.48,0.85,-1.16,321985156.91951406
97.05,-8.28,-47.62,-16.88,0.94,-3.58,9418143228.76935
31.96,-3.92,-13.97,-13.2,0.29,-2.68,112592163.22471404
70.0,-0.67,-13.28,-18.51,0.22,-2.86,2417202840.1742334
97.68,-7.06,-11.81,-13.12,0.77,-3.17,9122931667.434372
15.87,-0.45,-44.76,-12.11,0.95,-3.15,414946356.3780278
27.88,-2.45,-17.49,-17.86,0.57,-1.27,81477536.83327901
44.58,-6.63,-36.84,-15.62,0.32,-3.77,592660887.284805
28.73,-4.52,-45.9,-16.93,0.68,-4.78,528528510.2866339
51.84,-4.61,-31.13,-17.79,0.35,-1.49,832347386.2486442
52.19,-8.05,-41.3,-19.49,0.35,-2.92,1059457317.851172
20.25,-4.15,-32.43,-11.92,0.63,-3.77,132537938.710108
96.05,-4.27,-47.37,-14.69,0.89,-3.8,9034247743.587688
36.24,-4.72,-15.34,-10.11,0.82,-1.34,180922576.41288507
37.78,-5.67,-47.75,-12.53,0.24,-3.34,734047371.7717593
60.0,-3.85,-47.88,-16.0,0.01,-1.97,1838640941.980162
51.41,-1.17,-24.73,-14.2,0.07,-2.94,742451846.8235238
39.3,-6.73,-32.88,-15.34,0.67,-2.1,366965735.47063386
48.85,-7.81,-11.54,-10.85,0.22,-3.62,577172108.450183
88.25,-7.71,-20.37,-13.97,0.79,-2.18,6100227189.341127
71.12,-8.14,-22.17,-13.59,0.4,-3.7,2596330489.924035
72.43,-7.68,-28.76,-13.13,0.23,-3.98,2834572448.4520564
12.27,-3.98,-23.2,-15.46,0.64,-1.69,38882377.31662901
31.9,-3.05,-44.2,-17.3,0.77,-4.06,501838316.85386616
82.34,-1.12,-18.33,-16.1,0.26,-3.82,4617339455.834469
73.49,-8.69,-34.05,-17.16,0.63,-3.87,3074509744.6944427
35.35,-2.27,-27.85,-13.79,0.68,-4.14,222744394.22034806
38.13,-7.8,-11.25,-18.87,0.43,-3.07,228942073.22914806
84.81,-8.6,-34.7,-19.83,0.36,-1.54,5352346579.796061
92.82,-5.86,-37.1,-12.43,0.44,-1.97,7628657371.010387
40.23,-3.05,-38.94,-17.13,0.77,-2.03,506877452.4315639
85.27,-4.52,-16.78,-11.83,0.02,-1.17,5303992177.5842495
28.1,-0.97,-43.07,-13.85,0.83,-3.94,415617565.9412281
63.52,-6.44,-46.42,-19.48,0.92,-3.35,2121021760.2943203
58.5,-4.1,-37.22,-19.35,0.15,-4.7,1385606925.582306
63.78,-6.04,-14.55,-19.81,0.55,-3.44,1680673025.1371832
58.08,-5.35,-34.66,-12.18,0.76,-1.34,1291359480.1703088
91.33,-2.3,-27.51,-14.28,0.11,-4.83,7025076713.062119
27.57,-2.4,-16.08,-16.64,0.74,-1.82,73390668.271989
28.25,-1.4,-17.94,-11.21,0.96,-4.75,76605684.03005798
59.32,-5.52,-32.03,-10.16,0.02,-3.74,1350935322.1435251
57.01,-3.12,-47.35,-18.83,0.88,-3.19,1582358433.8785188
37.37,-0.88,-44.16,-16.85,0.92,-1.81,590378584.3929538
44.26,-0.43,-15.59,-15.27,0.4,-3.53,396035864.44487894
40.69,-4.67,-30.92,-14.63,0.75,-2.18,374726971.21232396
70.61,-8.62,-17.92,-12.21,0.94,-1.45,2508557776.98225
22.84,-5.88,-48.33,-15.66,0.9,-2.17,587423054.8102291
28.94,-5.37,-45.24,-13.77,0.4,-3.9,499716868.6712742
50.94,-3.8,-42.81,-14.69,0.12,-1.48,1021583466.4326739
48.47,-7.58,-49.6,-10.78,0.59,-1.1,1168550165.978794
73.57,-3.1,-28.97,-17.89,0.68,-1.67,3016747423.355798
59.12,-4.41,-25.18,-17.66,0.63,-4.06,1277072372.1001701
74.88,-6.11,-28.74,-16.78,0.59,-1.79,3230080880.832768
53.86,-8.99,-46.28,-11.26,0.6,-1.45,1313542402.464149
43.16,-2.52,-17.43,-19.95,0.93,-1.37,374244497.3406789
69.42,-5.7,-42.26,-16.84,0.84,-3.53,2661456493.2249436
84.57,-4.6,-34.92,-11.62,0.69,-2.04,5275484643.268551
34.6,-4.09,-27.76,-10.63,0.23,-3.08,206807593.34003904
23.88,-1.58,-11.71,-10.59,0.23,-2.87,36155832.877414994
73.37,-6.2,-18.14,-13.85,0.19,-3.64,2920275138.2268233
15.46,-4.4,-45.67,-18.14,0.07,-3.48,459810074.834394
83.89,-8.51,-39.03,-15.34,0.12,-3.94,5208209023.295695
32.12,-5.4,-10.78,-19.49,0.47,-2.94,123953657.617874
75.44,-7.49,-22.06,-13.1,0.56,-4.94,3276019658.4303885
62.44,-1.47,-20.71,-11.68,0.2,-1.31,1542498405.9208333
10.33,-3.14,-19.55,-10.26,0.12,-2.34,17802662.082474
78.05,-2.7,-19.58,-10.54,0.49,-3.87,3731116753.004577
67.92,-2.21,-31.48,-17.31,0.98,-4.32,2240860426.62393
18.79,-3.32,-26.44,-16.26,0.8,-1.0,70961019.03862901
42.3,-7.47,-33.72,-14.29,0.4,-1.86,460348993.58941793
62.82,-2.64,-41.2,-12.03,0.24,-2.57,1854008846.2873487
71.99,-4.69,-21.75,-11.83,0.2,-2.41,2716419136.2998676
84.56,-5.48,-41.27,-10.92,0.3,-4.49,5416412108.348549
44.08,-1.45,-11.06,-11.17,0.7,-4.98,381450461.0421379
69.3,-3.29,-34.05,-15.72,0.68,-2.73,2453925197.424338
30.69,-6.7,-23.63,-10.32,0.37,-3.21,123919981.96531901
68.98,-4.67,-38.4,-16.12,0.47,-4.97,2497843965.6519537
28.91,-8.07,-33.33,-11.83,0.27,-4.18,200183792.01874498
85.0,-0.01,-35.34,-19.86,0.39,-3.96,5396717431.223993
60.36,-1.77,-10.84,-11.2,0.44,-3.88,1331919126.775989
14.64,-8.02,-26.32,-19.96,0.17,-4.39,72422220.964285
97.77,-4.87,-28.19,-15.09,0.6,-3.59,9217720527.038282
22.68,-5.76,-41.55,-13.88,0.08,-3.59,334183882.87470883
48.49,-5.58,-30.58,-16.06,0.5,-2.64,652968417.017589
37.81,-3.04,-48.11,-10.24,0.21,-3.97,747149303.5051748
27.73,-3.38,-21.26,-12.01,0.89,-4.4,83345034.48749499
32.31,-3.66,-10.17,-19.05,0.93,-2.63,124406560.03460406
96.83,-2.06,-42.72,-15.34,0.08,-4.46,9139344700.306404
20.94,-7.73,-37.27,-12.17,0.14,-2.73,219386911.70801508
21.27,-3.94,-48.11,-17.34,0.35,-4.05,574036596.0752391
94.76,-1.83,-18.84,-14.43,0.68,-2.14,8084363360.0668125
53.56,-4.21,-42.43,-18.32,0.41,-4.03,1167691069.3684149
97.1,-5.96,-22.0,-19.92,0.83,-1.67,8942148677.480167
28.82,-4.79,-27.08,-16.66,0.99,-1.03,133935741.49868996
10.1,-3.29,-20.24,-17.52,0.42,-3.17,28851481.155268993
27.66,-3.58,-30.97,-10.39,0.25,-3.96,154437361.021679
90.86,-8.01,-41.76,-13.36,0.88,-1.87,7141707940.127846
77.64,-3.18,-42.34,-19.44,0.36,-4.98,3980393440.5702415
44.36,-0.36,-10.16,-12.39,0.95,-1.13,391046560.04023397
51.19,-0.34,-46.88,-16.89,0.83,-3.06,1185610505.1756551
42.76,-1.65,-16.13,-13.08,0.49,-1.14,345329963.57275903
89.5,-0.13,-46.28,-19.99,0.26,-4.95,6900143597.0703945
41.37,-4.62,-13.69,-18.5,0.86,-2.54,310519788.1358338
36.14,-6.05,-31.63,-11.04,0.32,-3.89,276433633.4028339
55.98,-2.68,-46.05,-18.65,0.71,-3.42,1453705217.8654227
19.91,-2.32,-12.94,-10.08,0.88,-2.07,20099519.204564996
19.99,-0.62,-42.21,-13.24,0.7,-2.88,341426294.710394
52.24,-3.49,-13.72,-19.6,0.12,-1.27,765798664.614069
53.89,-0.28,-47.18,-14.15,0.66,-2.75,1349579060.4346344
78.81,-7.51,-40.59,-11.61,0.25,-1.51,4145046374.729251
99.67,-8.67,-24.54,-13.45,0.73,-1.4,9928040609.504566
86.9,-2.92,-13.3,-19.66,0.52,-4.91,5725913151.222448
51.83,-5.92,-29.33,-11.81,0.12,-2.84,803240830.9606948
19.35,-8.15,-48.36,-15.58,0.71,-1.44,576073396.571943
71.21,-7.64,-29.86,-14.05,0.58,-4.17,2665804701.5666337
89.16,-3.75,-31.46,-12.68,0.13,-3.98,6428709148.457752
38.25,-7.78,-28.53,-16.37,0.75,-2.11,293220220.476348
67.56,-2.03,-26.02,-17.4,0.26,-4.39,2142659633.157669
